,url,score,comments
I used gradient yarn to make a hat inspired by the northern lights :),https://www.reddit.com/gallery/t1zo2y,4268,121
Knitted my greyhound a suit for my wedding next weekend,https://www.reddit.com/gallery/tdajnv,3607,93
I'm getting better and I have no one to share my excitement with!!! This is definitely helping my sober journey!! I spend hours knitting and don't think about drinking.,https://i.redd.it/pqkobk017sn81.jpg,3443,141
I made a fingering weight throw blanket...,https://www.reddit.com/gallery/t4d2ln,2999,173
My first sweater! Two years in the making.,https://www.ravelry.com/patterns/library/stonecutter,2986,68
Good afternoon. I'm from Ukraine. A war has been going on in my country for a whole month now. Thank you all for your support. Only now I was able to put the knitting needles in my hands.,https://i.redd.it/9zye8808pbp81.jpg,2959,98
"knitting this was a blast - huge cables, 100% contiguous construction, delightful color",https://www.reddit.com/gallery/takg9r,2688,94
"I was a bit nervous about this much negative ease, but it turned out very cute, cute as heck even",https://www.reddit.com/gallery/tnq980,3472,115
"It may not be much, but finishing this blanket after taking a break from knitting due to depression is a big win for me!",https://www.reddit.com/gallery/t4wjmp,2647,98
Finished Object: Tapestry Wrap by Marie Wallin,https://www.reddit.com/gallery/t6olch,2463,135
Finally finished my Honeycomb Aran!! This is the best thing I‚Äôve ever made and I‚Äôm going to be absolutely insufferable about it all day.,https://www.reddit.com/gallery/t24wh6,2452,65
"I made a shawl for my best friend to wear at her wedding, and then to wear at my wedding 3 months later!",https://www.reddit.com/gallery/tchq21,2444,64
I‚Äôve been trying out natural dyeing and this is turmeric!,https://i.redd.it/10otjzinq0l81.jpg,2431,50
My very first project at age 10 vs my most recent project at age 28,https://i.redd.it/64u754bg9ll81.jpg,2365,33
A colourful ma-knit-ee,https://www.reddit.com/gallery/t47el3,2322,68
I knit a pair of joggers!,https://www.reddit.com/gallery/t83dih,2297,56
"Fresh off the needles, my first ‚Äúfor me‚Äù sweater since 2017",https://www.reddit.com/gallery/t9x4e3,2276,39
"My first intarsia project! I only started knitting recently so there are lots of mistakes, but overall I am proud. I might do the little heart duplicate stitch all over later on. :)",https://www.reddit.com/gallery/tje6s3,2243,99
i told my mom i wanted a balaclava with bunny ears for my birthday and she created this masterpiece. Everyone please appreciate how talented she is!,https://www.reddit.com/gallery/t32o04,2223,36
Not the best photos. But my first jumper. I am soo happy. ü•∞ no idea how to pose,https://www.reddit.com/gallery/t5p9ow,2181,78
The best time to knit a striped sweater is all the time,https://i.redd.it/t664falieln81.jpg,2149,26
Finished my ‚Äúgraceful‚Äù sweater,https://www.reddit.com/gallery/tn6n24,2111,54
I got this yarn from a local alpaca farm and they tell you which alpaca the yarn comes from. This is Commander Steve Garrett. üò≠,https://www.openherd.com/alpacas-for-sale/148629/ten-seven-commander-steve-mcgarrett,2098,61
Made coordinating knits for me and my twin,https://i.redd.it/7jwdw6hfpqm81.jpg,2013,69
"This was my big winter project, and I finally got a model shot today.",https://www.reddit.com/gallery/tb92l7,1934,64
Finished Wildwood Sweater,https://www.reddit.com/gallery/tgcp10,1915,60
Finished Reignbeaux,https://i.redd.it/a9dkvjg6m4o81.jpg,1876,75
I had leftover yarn so I made my cat a matching sweater!,https://www.reddit.com/gallery/tedhg3,1832,51
Judge Jackson has admitted to being a knitter!,https://www.reddit.com/r/knitting/comments/tle8fx/judge_jackson_has_admitted_to_being_a_knitter/,1771,116
"A gentleman octopus for my upcoming nephew. I taught myself needle felting so that I could make his face without buttons (baby safety). Very, very pleased.",https://www.reddit.com/gallery/tkbpl3,1770,30
Second sweater completed!,https://www.reddit.com/gallery/tizo13,1748,31
I loved every stitch of this project.,https://www.reddit.com/gallery/t7to1t,1725,35
Finished a rainbow polo sweater üåà,https://www.reddit.com/gallery/tfchps,1709,41
It took me three years to make this damn thing!,https://www.reddit.com/gallery/t8rp1z,1701,49
A hilarious quote from hubby's scifi book,https://www.reddit.com/r/knitting/comments/tbyvf2/a_hilarious_quote_from_hubbys_scifi_book/,1646,103
I can't believe I actually finished this..,https://www.ravelry.com/projects/Kaenir/billie-pullover,1642,51
I feel so brave: frogged two tops I knit in 2012 that I knew I was never going to wear again - and reknit them into one in a style that's more like my current self. Bad hair day but good sweater day!,https://i.redd.it/0xck8lm0idk81.jpg,1614,39
I knitted that D&amp;G cable patchwork sweater,https://www.reddit.com/gallery/tmgdsb,1609,68
üíõüíôüá∫üá¶,https://i.redd.it/s2qcc9nl88l81.jpg,1593,29
"Personalised neck warmer I made for a friend who's in the Paralympics! She just won bronze in the first race and I spotted her wearing it on the tv, thank you so much to everyone who helped me edit the scarf pattern when I posted it last month!",https://www.reddit.com/gallery/t6zbcq,1577,30
Why does it have to be like this ü•≤,https://i.redd.it/8lw3o31a38n81.jpg,1573,113
Finished my first jumper!,https://www.reddit.com/gallery/tbn64r,1537,37
Knitted a hair band for myself,https://i.redd.it/p0ha1pbiobn81.jpg,1523,31
First sweater finished!,https://www.reddit.com/gallery/tiobos,1481,43
"This sweater is my second ever project. Too many hobbies (and work) keep me busy, so it's not going very fast, buy I love what I got so far.",https://i.imgur.com/pVxZuqH.jpg,1424,63
I did a thing üòå my first jumper and I made it a Star Wars one.,https://i.redd.it/qedoylpbexm81.jpg,1410,42
"First sweater (and reddit post!), cropped and colorful",https://www.reddit.com/gallery/thilb6,1416,24
Summer is coming soon so I made a cotton rainbow dress for my favourite little girl!,https://www.reddit.com/gallery/tjazhc,1400,35
My most ambitious project ever! Took me 6 months to finish!,https://www.reddit.com/gallery/t6m8pi,1376,38
"Eeeeee! I posted here a little while ago, pumped about the colors I had picked for my Fly Away blanket. Well, I finished it today and I am SO thrilled will the results that I couldn‚Äôt wait for it to finish drying before I took some pictures!",https://www.reddit.com/gallery/tho2iw,1377,47
Spider-Man blanket for the grandkids.,https://i.redd.it/97iffqqtpnl81.jpg,1376,43
I ended up with a lot of leftover yarn in the past year and now I'm turning those skeins into this sweater :),https://i.redd.it/n9oexcyb3fl81.jpg,1358,35
Tips for Distracted Knitting the Authentic Way,https://www.reddit.com/r/knitting/comments/t6v9ij/tips_for_distracted_knitting_the_authentic_way/,1348,144
I finished my sweater and I think my dog is just as excited about it as I am!,https://www.reddit.com/gallery/t7cy7r,1350,31
In light of yesterdays post about being proud of your work - I present my Julissa which I‚Äôm psyched about,https://www.reddit.com/gallery/tksvcu,1346,32
I finished my first sweater and it only took two months!,https://www.reddit.com/gallery/t52fq3,1339,33
"Sweater is done, just in time to test free from Covid quarantine!",https://www.reddit.com/gallery/tm46tq,1297,36
My first knitted project! I'm so excited,https://www.reddit.com/gallery/th2o59,1282,68
From fiber to knitted hat! This is my first project from yarn I spun myself! I'm super proud ‚ò∫Ô∏è,https://www.reddit.com/gallery/tn7ny0,1286,27
Crocheter trying her hand at knitting with yarn that is far too expensive for a first project! üòÇ,https://i.redd.it/6vvienni5wl81.jpg,1260,89
Matching jumpers for me and my boyfriend üêü,https://i.redd.it/j7dyatac80p81.jpg,1255,32
I just opened my first online shop! wish me luck ü§û,https://www.reddit.com/gallery/tcwypu,1251,62
"My brother shamed me for spending three months knitting something so ""boring"" but guess which one of us has a massive, cozy scarf now and which one doesn't!!!",https://i.imgur.com/nnhe1YU.jpg,1217,40
Colourwork is my new favourite thing ü•∞,https://i.redd.it/303z5sdvrzl81.jpg,1206,28
Finished The Knitter‚Äôs Dude for my spouse. My most challenging project yet!,https://www.reddit.com/gallery/t3pi7u,1199,45
I just finished this pair of non-identical socks and I‚Äôm so happy with them! (details in comments),https://www.reddit.com/gallery/t1plzi,1192,19
"(FO) Latest finished cabled baby blanket, also my first significant pattern mod, I added little leaves!",https://www.reddit.com/gallery/tihj0p,1184,20
Have confidence!,https://www.reddit.com/r/knitting/comments/tk10lq/have_confidence/,1185,155
"Finished my ""thesis de-stress"" shawl before finishing my thesis üòÖ",https://www.reddit.com/gallery/tdkjye,1150,34
"I love how quickly sweater vests knit up, it's almost like they don't have sleeves or anything",https://www.reddit.com/gallery/t3rrzs,1149,31
Loving this pattern!,https://i.redd.it/dru2su5od6m81.jpg,1141,37
Achievement unlocked!,https://i.redd.it/jh4x7917nok81.jpg,1129,46
I put on my recently completed scarf and the world got a bit better. I love it.,https://www.reddit.com/gallery/tf43y9,1108,33
I have a Fabel Knitwear problem,https://www.reddit.com/gallery/td70qj,1107,41
I've watched you guys for months and am just started!,https://i.redd.it/1j066xcq8fn81.jpg,1102,40
My first sweater finally finished!,https://www.reddit.com/gallery/tene58,1097,30
"Because of depression, progress has been slow. I envy people who can make sweaters in a month. For me it have taken month to knit 40 rounds. But I am pretty happy with this even though some parts are pretty wonky",https://i.redd.it/l8h2n3vtddo81.jpg,1075,40
"Feeling grateful, on my 30th birthday, for this hobby that I've picked up over the last two years.",https://www.reddit.com/gallery/tccoex,1074,38
Anyone else think that patterns should come with ‚Äúbudget option recommended yarn‚Äù in addition to the ‚Äúrecommended yarn‚Äù?,https://www.reddit.com/r/knitting/comments/tb5o8e/anyone_else_think_that_patterns_should_come_with/,1080,155
Wrote my own version of the beeswax cable and just finished testing it on a sock,https://www.reddit.com/gallery/t33w0k,1076,44
"Got to test knit this Wise Weeds Sweater, really happy how it turned out üå∏üåºüåª",https://www.reddit.com/gallery/t4dp0n,1063,35
"Caught Covid for the second time in three months now..the only good thing about it is, that I have a full stash and lots of time for knitting during quarantine",https://www.reddit.com/gallery/ti3jdd,1059,81
A hat for my uncle.,https://www.reddit.com/gallery/tdxtcq,1053,40
My body's changed over the last few years; this is the first garment I've knit in my new size. It's exciting to feel proud of how I look!,https://i.redd.it/x277b3y8ukm81.jpg,1037,24
A quick knit is a good knit. Happy Mardi Gras (pride) peeps!!,https://i.redd.it/p0r345yv7ml81.jpg,1026,22
My amazing thrift haul of the day üòÅ,https://i.redd.it/1h93qvqpedo81.jpg,1027,23
"A really sentimental piece I finished - a chiengora shawl from my late husky, with Navajo wool to match his collar color.",https://www.reddit.com/gallery/t55s29,1025,35
Made a baby blanket for my best friend‚Äôs first,https://www.reddit.com/gallery/thl2dr,1013,48
"Well, what I thought would take me a year, took me four days or about 12 consecutive hours to complete‚Ä¶ my first sweater ever! I‚Äôm so proud of how it turned out and I‚Äôm happy I can still wear it for the last weeks of winter!",https://www.reddit.com/gallery/t8s1nb,1003,39
Tell me it‚Äôs your first time winding yarn into a cake without telling me it‚Äôs your first time winding yarn into a cake‚Ä¶,https://www.reddit.com/gallery/tjixnt,998,78
"[FO] I made this cute hoodie for my nearly 5 year old son. He wouldn‚Äôt walk past the yarn.. it feels horrible in the ball but not too bad when knitted up. It‚Äôs called Kringle 8 ply. I used this free pattern from love crafts. It was quite easy to knit up and wee man LOVES it, so I had to share!",https://www.reddit.com/gallery/tly53k,986,77
Finished Hedwig for my oldest daughter!!,https://www.reddit.com/gallery/t8eay1,978,20
My coffee jug kept sticking to my desk so I whipped up a mitred-square ‚Äújug rug‚Äù.,https://www.reddit.com/gallery/tbof70,950,41
Olivia's Cape &amp; Happy St Patrick's day!,https://www.reddit.com/gallery/tggrvs,951,33
Sunflower hat,https://i.redd.it/8xaohho9j4o81.jpg,929,25
"This magical piece of wizardy has finally been published!! If perfection exists, this pattern is it. (Info in comments)",https://www.reddit.com/gallery/tb4vsw,932,47
Just decided to unravel my WIP and start over in the next size up üò≠,https://www.reddit.com/gallery/t8qh9m,928,59
Finished my first garment in 5 years!,https://www.instagram.com/p/Ca-rPC9PRgZ/,921,15
Finally finished my Celtic Myths shawl!,https://www.reddit.com/gallery/tdb5pk,919,17
My fortress of single socks,https://www.reddit.com/gallery/t94b5u,918,65
